,wait,vcost,travel,gcost,income
wait,,,,,
vcost,468.7263962199898,,,,
travel,-2497.7913119359782,-1561.3131576706962,,,
gcost,189.0602119870594,814.6148178103185,10374.140301662976,,
income,6.563681253192582,47.85705772177762,107.88901186219418,93.45090527271694,
