{
    "city_size_x": [
        -10,
        10
    ],
    "city_size_y": [
        -10,
        10
    ],
    "exsisting_stores": [
        [
            8.90164520261791,
            -3.279284341702593
        ],
        [
            -5.401017797213208,
            1.3908499909532157
        ],
        [
            9.459427030272348,
            4.794079199578942
        ],
        [
            -4.954991154253204,
            -7.7755162833998686
        ],
        [
            4.599039754474388,
            7.491594878494002
        ],
        [
            9.650632705735,
            7.272105596117385
        ],
        [
            -3.8695187918314495,
            8.2063582326018
        ],
        [
            -4.902499710148858,
            -6.502717000821763
        ],
        [
            8.605325912122524,
            8.119854019315035
        ],
        [
            -9.60591154637515,
            9.084877787759037
        ],
        [
            -1.0608000846677097,
            9.421120727261265
        ],
        [
            -5.91155988790679,
            1.992185198607256
        ],
        [
            -3.574200555408538,
            7.009177841901696
        ],
        [
            8.125393170235675,
            3.238240822896026
        ],
        [
            -7.79758316690465,
            8.446978446758727
        ],
        [
            -1.3356535845541817,
            -2.5944210867517503
        ],
        [
            0.13901264411197722,
            2.0344601999226075
        ],
        [
            3.670344415393078,
            -0.7191366543972944
        ],
        [
            8.677709906196714,
            -5.489092988921027
        ],
        [
            8.788877328499062,
            -0.9972133945315598
        ]
    ],
    "new_stores": [
        [
            -7.326589840397806,
            -5.653006969626602
        ],
        [
            3.111918586748832,
            1.5262476313231979
        ],
        [
            4.065761027361393,
            3.7505902106347726
        ],
        [
            -9.209373358419144,
            -9.337669633316015
        ],
        [
            1.5820278019715062,
            2.315644759792727
        ],
        [
            -5.2856647317095735,
            9.362405779115697
        ],
        [
            -5.835411230911274,
            7.292734361215423
        ],
        [
            -3.462258831576504,
            5.39176775161058
        ],
        [
            -6.348641667987865,
            1.396154579685362
        ],
        [
            3.287181015307688,
            7.889375299316338
        ],
        [
            1.8544300313576407,
            -2.103204663341165
        ],
        [
            9.687650666235605,
            -6.919888713066085
        ],
        [
            4.39807065496997,
            -4.566498903823259
        ],
        [
            4.052658887814712,
            8.923317809959379
        ],
        [
            -4.095448937755444,
            4.937726157162352
        ],
        [
            1.7607771489932578,
            0.010785823959322371
        ],
        [
            0.6709468221058685,
            -5.571046804766389
        ],
        [
            -3.3237660800912554,
            -7.038773633000499
        ],
        [
            4.455648213742091,
            4.938839377695597
        ],
        [
            2.001575395771333,
            -0.35182490395185795
        ]
    ]
}