{
    "city_size_x": [
        -10,
        10
    ],
    "city_size_y": [
        -10,
        10
    ],
    "exsisting_stores": [
        [
            9.082548863931176,
            -4.411107347436216
        ],
        [
            -2.783966018061845,
            1.978793921825135
        ],
        [
            -1.7648389098963317,
            -5.0558129645261785
        ],
        [
            1.599557002824163,
            -7.966755624070139
        ],
        [
            1.795250984559278,
            -5.31350743095599
        ],
        [
            -0.5568065640565028,
            -6.426507650642936
        ],
        [
            9.630703650454056,
            -5.24348114852021
        ],
        [
            5.379517581132895,
            -8.583211028239244
        ],
        [
            -6.298917255194798,
            -2.9712156501734466
        ],
        [
            5.579232830551204,
            -1.9892980786300924
        ]
    ],
    "new_stores": [
        [
            -6.770030667885876,
            -8.818692626665065
        ],
        [
            2.78930983585445,
            -6.953234964795463
        ],
        [
            4.604239878355251,
            9.46650811664339
        ],
        [
            2.104109249984745,
            -1.3686829191952192
        ],
        [
            -4.471476262910259,
            -7.649998099559037
        ],
        [
            -8.08257105509198,
            -9.669596395264934
        ],
        [
            -6.39266094358767,
            3.392539318344836
        ],
        [
            3.8000569723110704,
            -6.447190300849024
        ],
        [
            -4.164695631757381,
            9.483531838002971
        ],
        [
            9.059894036365911,
            2.584890445780875
        ],
        [
            -0.6999831642756185,
            2.488021827953615
        ],
        [
            2.3921082281490627,
            -7.9898951200029655
        ],
        [
            8.777314637582393,
            5.098260683705295
        ],
        [
            -2.0253668935219915,
            8.889172026668458
        ],
        [
            -7.31820991840592,
            -0.8568553615537944
        ],
        [
            2.3571941201656763,
            2.5342456491933127
        ],
        [
            0.18149249240565446,
            6.083674329396324
        ],
        [
            -2.879107409114816,
            5.512465892381309
        ],
        [
            -8.497582423467613,
            4.761696508763125
        ],
        [
            7.355772325266866,
            5.270647142671923
        ],
        [
            -9.303957324102898,
            6.926787576177858
        ],
        [
            -6.667362123838476,
            9.116583057376712
        ],
        [
            -7.060521043839001,
            3.461826221814583
        ],
        [
            -2.1890291739952,
            3.224197429967642
        ],
        [
            4.047542986822943,
            -4.689923271794802
        ],
        [
            4.688708456591522,
            5.333803155969241
        ],
        [
            -9.404501781815185,
            8.34398825838225
        ],
        [
            8.653077612594618,
            6.174981686135034
        ],
        [
            -0.656608564694519,
            -6.333768374503952
        ],
        [
            5.223055339578819,
            -3.7030215023488022
        ],
        [
            1.4152704878839728,
            -2.3631462579638196
        ],
        [
            -2.6153710773786027,
            -9.908757465607959
        ],
        [
            3.7803875542711936,
            -1.131704438462906
        ],
        [
            -1.929909544865719,
            0.20268768036862284
        ],
        [
            -0.9936202449963929,
            -2.283323696241837
        ],
        [
            5.011087607257771,
            9.90690017806929
        ],
        [
            0.9169403792043784,
            -9.01758746377811
        ],
        [
            -2.7604061541100045,
            6.64683959704789
        ],
        [
            -0.6739305034114977,
            -8.258871722201128
        ],
        [
            -7.352661637736928,
            1.8378883264457144
        ],
        [
            -6.896667921015807,
            7.615316616217132
        ],
        [
            5.988092386679071,
            5.776996313077277
        ],
        [
            5.975267643858382,
            4.464927446947664
        ],
        [
            -4.5571759059015315,
            -6.66546541111209
        ],
        [
            -1.9509069391769103,
            3.726003241323447
        ],
        [
            -9.070063603055411,
            2.2756016783368143
        ],
        [
            7.7954398247424805,
            9.618954056897586
        ],
        [
            -5.45983258122305,
            -7.524764785998697
        ],
        [
            -0.6381185132784513,
            2.948315393922128
        ],
        [
            6.39645853656593,
            1.3118204489450918
        ]
    ]
}