{
    "city_size_x": [
        -10,
        10
    ],
    "city_size_y": [
        -10,
        10
    ],
    "exsisting_stores": [
        [
            -4.306149549353771,
            -5.459518281636015
        ],
        [
            -4.925691353605057,
            -5.23897533968154
        ],
        [
            1.2722463013407683,
            -2.3228820865052047
        ],
        [
            4.597688955102388,
            -3.4842804759594053
        ],
        [
            2.711200833738687,
            -5.194340973003049
        ],
        [
            3.2789469894590724,
            1.2092792596183664
        ],
        [
            7.562315698868257,
            7.386497168061293
        ],
        [
            -5.878390314039999,
            0.41819706154357483
        ],
        [
            -9.250002197574855,
            -7.605443992363186
        ],
        [
            2.2038334682804255,
            -4.417371967522847
        ]
    ],
    "new_stores": [
        [
            -5.298031625483337,
            -8.785517414734125
        ],
        [
            -8.806702540304798,
            -3.992611059184263
        ],
        [
            5.021323900060285,
            6.371245288265939
        ],
        [
            -7.958278086037658,
            1.2394701964789956
        ],
        [
            -7.5348876501639905,
            -2.4658568559709586
        ],
        [
            0.10106970956607952,
            9.018448943606426
        ],
        [
            1.7792243975468267,
            -5.544988369872055
        ],
        [
            7.844733441831913,
            7.758093478811858
        ],
        [
            7.953872275876165,
            7.436794501112608
        ],
        [
            -1.1630454053965487,
            8.327185042164537
        ],
        [
            7.915302250194809,
            -5.885065895531336
        ],
        [
            6.384924480710591,
            1.8981882806433585
        ],
        [
            0.4029599039872558,
            -1.4842157087140109
        ],
        [
            -4.451116852045287,
            6.216248780017672
        ],
        [
            4.964124386973946,
            8.85532033937665
        ],
        [
            2.6012732609966154,
            0.046147743718405465
        ],
        [
            9.606507114510276,
            -7.446781191076579
        ],
        [
            -8.992424984078104,
            7.7588703035373
        ],
        [
            -1.7765249314086482,
            -5.411722221042234
        ],
        [
            -6.108548193105172,
            -4.36052246682155
        ]
    ]
}