{
    "city_size_x": [
        -10,
        10
    ],
    "city_size_y": [
        -10,
        10
    ],
    "exsisting_stores": [
        [
            -3.92406302608888,
            1.5371870503196323
        ],
        [
            -5.60148593469187,
            2.1341272512284792
        ],
        [
            -9.46159243529488,
            7.61389249581033
        ],
        [
            8.885668877898723,
            -7.770731787077545
        ],
        [
            -6.363752225146111,
            1.654275915838145
        ],
        [
            -5.915807868381748,
            1.1095983867561348
        ],
        [
            1.9102735017327142,
            7.416876944392943
        ],
        [
            9.806552117838837,
            -5.213971273690728
        ],
        [
            -9.481209737260786,
            4.2708026266204655
        ],
        [
            -2.63337308077719,
            -8.01495553595502
        ],
        [
            -9.677303594733928,
            -8.142924398488685
        ],
        [
            9.516985872283076,
            -9.071773505556935
        ],
        [
            -2.5126202761478407,
            4.85524038640043
        ],
        [
            1.3426630448848869,
            -0.6883595827276583
        ],
        [
            -4.593551078647444,
            -5.184384706528196
        ],
        [
            -4.5315925931679235,
            -4.538349918543916
        ],
        [
            2.7232384576607807,
            0.769953688394402
        ],
        [
            -3.6946695574869803,
            3.7943262733782728
        ],
        [
            -4.254992079796864,
            2.9627767006901706
        ],
        [
            -6.410466967835518,
            5.2227809663430556
        ],
        [
            -5.653164880566528,
            6.839791945523167
        ],
        [
            -8.490051898641653,
            8.34759097557416
        ],
        [
            -6.433733303060163,
            8.121604506930701
        ],
        [
            0.47902220201196855,
            -8.881525352350382
        ],
        [
            9.726563737860417,
            1.1506721492679155
        ],
        [
            -9.919082255641554,
            7.191406245119133
        ],
        [
            2.7000853953417643,
            -2.1036683281101887
        ],
        [
            6.668219246241414,
            2.6824942887329115
        ],
        [
            4.126413295734871,
            6.347458849124109
        ],
        [
            7.450947793186643,
            -5.224539383867013
        ],
        [
            -0.22091330099787498,
            3.1448438380730614
        ],
        [
            -9.998153980778277,
            9.040682637070805
        ],
        [
            9.417940427033578,
            -2.3506994375390704
        ],
        [
            -1.5370668026277698,
            -9.589711772271201
        ],
        [
            2.1504892668334925,
            -6.510476601129936
        ],
        [
            -2.884077927429665,
            -7.598643968567238
        ],
        [
            -9.39890811324677,
            5.346751757737653
        ],
        [
            2.2352599652815677,
            0.2551610632011787
        ],
        [
            -3.073003314691725,
            -1.289711960708658
        ],
        [
            4.953660325471388,
            2.3890205365472035
        ],
        [
            -5.011760756166346,
            -4.125103079718169
        ],
        [
            -8.911378465989708,
            -1.855820183913659
        ],
        [
            -2.0370270209193864,
            -4.081752078162153
        ],
        [
            -5.311173551067709,
            5.996575193880654
        ],
        [
            -2.3349303391667693,
            -1.31502500036534
        ],
        [
            -6.453589318187265,
            -6.849408507596271
        ],
        [
            6.771513723431852,
            3.816249599013471
        ],
        [
            5.418673277315392,
            -1.581208661090752
        ],
        [
            7.465586697117146,
            -5.459556833323376
        ],
        [
            3.1709401610121706,
            0.4398975920651367
        ],
        [
            -1.33589203480269,
            -3.4877385004918082
        ],
        [
            -2.150655581293943,
            0.24877454653625009
        ],
        [
            2.758570016279638,
            -3.476796614680284
        ],
        [
            0.9153441630966412,
            -4.418108828301182
        ],
        [
            7.0213449174256795,
            0.03696372067229703
        ],
        [
            2.824200465276732,
            -8.169507009899739
        ],
        [
            -8.799465485464289,
            -9.786701463249178
        ],
        [
            -9.533918759975764,
            5.335780820459192
        ],
        [
            -6.681758352274565,
            -6.540148253411628
        ],
        [
            -8.72816318921852,
            9.996836257090795
        ],
        [
            3.2178837440783585,
            2.5694893554121716
        ],
        [
            -5.5968228420007815,
            -0.5354953686948765
        ],
        [
            4.855550750516661,
            8.710167948265305
        ],
        [
            -5.040730224726775,
            -5.545283054612222
        ],
        [
            4.65263299556919,
            0.02579929667231795
        ],
        [
            2.078544097744814,
            -8.383425626903305
        ],
        [
            4.849478419843106,
            5.689838882259902
        ],
        [
            -8.196370562963102,
            1.626491195978204
        ],
        [
            -8.04554313853284,
            5.5811485328150745
        ],
        [
            5.894717755980539,
            5.957912514035799
        ],
        [
            -4.534661152150696,
            -1.6989333182753121
        ],
        [
            7.992527592895527,
            1.7620827740179514
        ],
        [
            0.18735651022074684,
            -1.0966455417296768
        ],
        [
            -4.325226621338274,
            5.933341580816354
        ],
        [
            -5.300918220641522,
            -0.9930310766867692
        ],
        [
            3.7154234650093443,
            -3.901721653459404
        ],
        [
            8.68610263476776,
            -0.13192447071821078
        ],
        [
            -0.24053809568318485,
            -1.0922829957845082
        ],
        [
            -5.322917895848914,
            4.4099014752177546
        ],
        [
            -3.7352940044020855,
            -7.545590527421703
        ],
        [
            -3.6931103038775026,
            7.949578072803444
        ],
        [
            5.227625584787587,
            -9.333515207238827
        ],
        [
            -4.377263650129734,
            -4.659320388293027
        ],
        [
            -4.592785886645778,
            9.341014010858839
        ],
        [
            5.090427011392837,
            -0.678937011433181
        ],
        [
            0.8586438737921203,
            1.0078299869414877
        ],
        [
            8.999951542492056,
            9.797837905434562
        ],
        [
            0.46530505303725,
            3.4052764307477545
        ],
        [
            -5.756467573478821,
            -8.219539399171474
        ],
        [
            -0.5076579640197423,
            8.562630063038576
        ],
        [
            -9.155679593777084,
            -3.420106298971959
        ],
        [
            -9.4823591431004,
            3.3989734128193945
        ],
        [
            -3.099596232946973,
            -7.493190268529242
        ],
        [
            -9.629820933774088,
            9.624723434470877
        ],
        [
