Atributo pavadinimas,Kiekis (Eiluciu sk.),"Trukstamos reiksmes, %",Kardinalumas,Minimali reiksme,Maksimali reiksme,1-asis kvartilis,3-asis kvartilis,Vidurkis,Mediana,Standartitnis nuokrypis
wait,840,0.0,26,0,99,1,53,34.589285714285715,35.0,24.94860757139375
vcost,840,0.0,135,2,180,23,67,47.760714285714286,39.0,32.37100380666387
travel,840,0.0,405,63,1440,235,797,486.16547619047617,397.0,301.4391068847685
gcost,840,0.0,184,30,269,71,144,110.8797619047619,102.0,47.978352984736624
income,840,0.0,24,2,72,20,50,34.54761904761905,35.0,19.67604423182533
