{
    "city_size_x": [
        -10,
        10
    ],
    "city_size_y": [
        -10,
        10
    ],
    "exsisting_stores": [
        [
            5.199313536027557,
            5.729422511374249
        ],
        [
            8.992389841058088,
            -5.444583428240626
        ],
        [
            1.9929593372516035,
            6.13087759574605
        ],
        [
            -2.444681195338447,
            -1.683397475979607
        ],
        [
            -6.7259334729565285,
            -4.095293078131206
        ],
        [
            1.3628327518494352,
            -1.245384801148992
        ],
        [
            -0.6629511961479402,
            -3.550907570615049
        ],
        [
            -3.544493947807002,
            -3.967896501067292
        ],
        [
            1.3219260721458745,
            7.974443974381501
        ],
        [
            -2.245003791644418,
            5.602350185424003
        ],
        [
            4.291120324502025,
            5.89031734877771
        ],
        [
            9.736948238968004,
            2.586806790445726
        ]
    ],
    "new_stores": [
        [
            8.887972489327403,
            -2.4950633562475932
        ],
        [
            -4.595813517224743,
            -8.357432500948468
        ],
        [
            3.2716616024982272,
            -3.256941064386096
        ],
        [
            3.072885646439925,
            2.5285122610511337
        ],
        [
            6.983869263838574,
            2.338713885067861
        ],
        [
            3.4731533101505576,
            1.896633822714902
        ],
        [
            6.264945607092194,
            -4.864159468847465
        ],
        [
            -9.931573288828957,
            -7.336573031933826
        ],
        [
            -7.835768836891999,
            9.380001124152436
        ],
        [
            6.087212514796963,
            -1.4835836014211257
        ],
        [
            -0.7846802986931252,
            1.6387293158714265
        ],
        [
            -1.738003268227157,
            -2.188734478592722
        ],
        [
            -0.8220897559882054,
            8.646528478242224
        ],
        [
            2.7327155655366493,
            3.024763389868019
        ],
        [
            2.3112622567091297,
            2.5908119199445103
        ],
        [
            -3.4023923201929733,
            -9.233416502815636
        ],
        [
            3.584310736656988,
            3.929513996994043
        ],
        [
            -8.210477322756219,
            9.492471161598303
        ],
        [
            9.642984209047768,
            5.794009257187053
        ],
        [
            7.43902529251179,
            0.5059970690028983
        ],
        [
            -9.73873600638888,
            -7.837419356287723
        ],
        [
            1.7273801428183688,
            -3.972485798377095
        ],
        [
            -9.67916953938228,
            -6.707967779798906
        ],
        [
            7.809311234706872,
            6.77160333680661
        ],
        [
            -3.6360171259154868,
            -7.830622643114989
        ],
        [
            -2.41675861163462,
            6.234572517286427
        ],
        [
            1.9905429106275783,
            6.635950006849917
        ],
        [
            6.124269299448997,
            -0.8224198792101483
        ],
        [
            -6.659665617138031,
            3.101576923814058
        ],
        [
            -9.360213157505653,
            0.6869620042099172
        ],
        [
            -8.862352695500068,
            6.86708013884089
        ],
        [
            4.102873967763983,
            -9.585444299280354
        ],
        [
            0.81074596531532,
            -1.0221592375472355
        ],
        [
            8.275443002392734,
            5.427551816246485
        ],
        [
            -6.980221557812052,
            -8.015032995126203
        ],
        [
            -8.910402544491705,
            -7.390312208920397
        ],
        [
            4.355012892209601,
            -1.7731341562146081
        ],
        [
            -9.146748851974385,
            -7.742564920439405
        ],
        [
            3.417562348752586,
            -7.468527688494129
        ],
        [
            9.957768611008653,
            7.297174818750893
        ],
        [
            0.5745929460493233,
            -7.7894434713348115
        ],
        [
            5.148589413377774,
            1.6586762892174605
        ],
        [
            6.08244155151354,
            -3.1882454994878078
        ],
        [
            -3.7160680628254372,
            3.739940720843105
        ],
        [
            2.07427037867339,
            -8.782812510020129
        ],
        [
            -7.918776923178532,
            4.28194227519757
        ],
        [
            -4.7567799623827645,
            5.868262977465079
        ]
    ]
}