{
    "city_size_x": [
        -10,
        10
    ],
    "city_size_y": [
        -10,
        10
    ],
    "exsisting_stores": [
        [
            -7.29607831933021,
            -6.26665592277813
        ],
        [
            -6.100551495924549,
            -0.9929455615547607
        ],
        [
            0.18301282765959037,
            -1.320077660428563
        ],
        [
            -1.8672923702901336,
            -7.393960126324237
        ],
        [
            1.418721996664896,
            4.225958439884254
        ],
        [
            1.9242822377783249,
            -9.09386956792616
        ],
        [
            -5.533865321686353,
            3.189144191736627
        ],
        [
            -9.983899540896664,
            -7.3462368611943285
        ],
        [
            -5.943078226831455,
            -6.238285982418268
        ],
        [
            3.5102268331540074,
            -8.611340145036863
        ],
        [
            -3.6894403701082545,
            -1.4547348317572784
        ],
        [
            -2.6605844573951254,
            5.554390389399428
        ],
        [
            7.497179757759451,
            5.740001378820649
        ],
        [
            7.550465155596857,
            3.7856148450409712
        ],
        [
            -6.028835402794861,
            -4.220584293312037
        ],
        [
            1.1730121840415144,
            -8.193792242714299
        ],
        [
            -9.8994551211345,
            -3.668648165817938
        ],
        [
            9.811433555904127,
            2.474159555899103
        ],
        [
            0.7727934025670784,
            -2.90403042689944
        ],
        [
            3.5843986966334977,
            2.032064756738164
        ],
        [
            -8.354844260664699,
            -6.1163660708866185
        ],
        [
            7.067201510826344,
            -4.195804744365028
        ],
        [
            8.28844363302472,
            6.894409126130345
        ],
        [
            0.6583150225289351,
            -3.138273473225981
        ],
        [
            -1.9549786945194132,
            3.2307584085088603
        ],
        [
            1.14484876938584,
            -0.7473731123759553
        ],
        [
            -2.310158189354663,
            -3.081430062434558
        ],
        [
            6.121772462496111,
            0.004735999950773007
        ],
        [
            6.080300053253218,
            0.27594198826473715
        ],
        [
            -1.6379926007965206,
            -7.38721490909608
        ],
        [
            9.387661413409766,
            0.9276627501098478
        ],
        [
            -3.5072447691316437,
            -6.194666121484369
        ],
        [
            4.8533925995017135,
            0.09498941897469493
        ],
        [
            6.052002796932857,
            -1.229806421679795
        ],
        [
            7.0388943925118,
            3.9315628107167626
        ],
        [
            4.414073824712933,
            -8.560752278151007
        ],
        [
            0.05926664632836065,
            9.667491413818187
        ],
        [
            8.57302441842429,
            -4.2095193859728
        ],
        [
            3.262009044695123,
            -5.491136457731796
        ],
        [
            8.824810784441482,
            3.9603754307568195
        ],
        [
            -7.645638728563247,
            4.887049644813267
        ],
        [
            2.2712672999966017,
            -8.920261487313661
        ],
        [
            9.44502284983146,
            8.101792188674825
        ],
        [
            3.067288785339768,
            2.6259654349033372
        ],
        [
            -7.676949862626676,
            4.236336921399264
        ],
        [
            1.311862205671467,
            -2.317254867329943
        ],
        [
            8.187187155185043,
            -2.330964626702963
        ],
        [
            1.5073430330767117,
            -2.815116819610788
        ],
        [
            7.499868237227471,
            7.19827625059316
        ],
        [
            9.494984647758969,
            7.831524372045401
        ],
        [
            2.6638855263518266,
            -1.0359986673354893
        ],
        [
            -7.964714053028463,
            -9.726452189618286
        ],
        [
            -2.466312939717641,
            2.8655672899680003
        ],
        [
            -5.301635881890081,
            -4.32664581176925
        ],
        [
            -0.05038684194884446,
            8.704265737907747
        ],
        [
            9.26490228680035,
            -0.2501893645352844
        ],
        [
            -8.639278180304535,
            -6.820149589466913
        ],
        [
            6.758614832292309,
            0.9498517931244681
        ],
        [
            -7.6009058495885,
            0.6705148858172372
        ],
        [
            -6.1406917652909865,
            -4.51518779540211
        ]
    ],